"GP","Lineage","Cluster","Tissue","Signature_Genes_Pos","Signature_Genes_Neg","Signature_Proteins_Pos","Signature_Proteins_Neg"
"GP1","","CD8.K; CD4.X; CD4.Y; CD4.P; Treg.P; gdT.B; gdT.C; gdT.D; gdT.P; CD8aa.C; CD8aa.D; CD8aa.E; CD8aa.P; DN.P; DP.wY; DP.wP","","CT010467.1; Tmsb4x; Actb; Tmsb10; Eef1a1","","THY1.2; CD45RB; CD5; CD2; CD55.DAF",""
"GP2","","CD8.wM; CD4.wM; Treg.wM; gdT.E; gdT.wM; CD8aa.wM; Tz.wM; DN.wM; DP.wC; DP.wM","","Arhgap15; Dock2; Mbnl1; Inpp4b; Foxp1","Tmsb10; Tmsb4x; Fau; Pfn1; Ppia","CD45RB; THY1.2; CD44; CD24; CD27","CD4; ICOS.CD278"
"GP3","","gdT.A; gdT.B; gdT.C; gdT.D; gdT.E; gdT.F; gdT.Z; gdT.P; CD8aa.C; CD8aa.D; CD8aa.E; DP.wY","small intestine epi","Gzma; Cd7; Ccl5; Fcer1g; Tyrobp","Tmsb10; Tpt1; CT010467.1; Actb; Tmsb4x","CD38; CD8A; ITB7; CD39; CD73.5NTD","THY1.2; CD5; CD2; CD11A; CD44"
"GP4","","CD4.wN","","Tmsb10; Fau; CT010467.1; Pfn1; Ppia","Dock2; Rack1; Arhgap15; Myh9; Ptprc","CD5; CD45RB; CD55.DAF; CD4; CD31",""
"GP5","","CD8.K; CD8.P; CD4.P; Treg.P; gdT.P; CD8aa.P; Tz.P; DN.P; DP.wP","","H2ac8; H1f5; H1f4; H4c4; Hist1h2ap","Igfbp4; Cnn2; Limd2; Ccr7; Cd52","CD8A; CD8B; CD73.5NTD; CD38; CD103","CD4; CD62L"
"GP6","","CD8.K; CD4.T; CD4.U; CD4.X; CD4.Y; CD4.P; Treg.D; Treg.E; Treg.P; gdT.Q; gdT.R; gdT.S; gdT.T; gdT.U; gdT.V; gdT.X; gdT.Z; Tz.D","skin","S100a6; Gzmb; Lgals1; Vim; Crip1","Tmsb10; CT010467.1; Eef1a1; Cmss1; Cdk8","ITAM.CD11B; CD86; CD39; GR1-LY6G-LY6C1-LY6C2; GITR.CD357","THY1.2; ICOS.CD278; KLRG1; CD5; CD31"
"GP7","","gdT.Z; DP.wG","","CT010467.1; Ccl5; Cmss1; Cdk8; Crip1","Igfbp4; Ccr7; Limd2; Ifi27l2a; Cd52","THY1.2; CD45RB; CD24; CD29; CD73.5NTD","CD4; CD62L"
"GP8","","gdT.X; gdT.Z","skin; CNS","Fth1; S100a6; Thy1; Ctla2a; Gem","Ccl5; Gzma; Gzmb; AW112010; Tyrobp","TCRVG3; CD2; CD4; CD44; TCRGD","CD73.5NTD; CD38; CD8A; CD45RB; CD8B"
"GP9","","CD8.wU; CD8.wV; DP.wC; DP.wE","","Cdk8; Cmss1; CT010467.1; Eef2; Myh9","Tmsb10; Fau; Tmsb4x; Cd52; Eif1","CD45RB; CD4; CD5; CD62L; CD55.DAF",""
"GP10","","CD8.H; CD8.I; CD8.K; CD8.wY; CD4.S; DN.F","","Ccl5; Gzma; Lgals1; Nkg7; Ly6c2","Ly6e; Ltb; Tcf7; Eef1b2; Eef1a1","KLRG1; CD8B; CD8A; ITAX.CD11C; ICAM1","CD4; CD62L; CD5; CD31; CD55.DAF"
"GP11","","CD4.X","lung; placenta; kidney","Vps37b; Gramd3; Dusp10; Junb; Ccr7","Cd52; Ltb; Ptprcap; Mir142hg; Pfn1","CD45RB; CD5; CD2; CD31; CD55.DAF","CD27; CD44; CD80"
"GP12","","CD8.C; CD8.wX; CD4.E; CD4.G; CD4.H; CD4.I; Treg.B; Tz.C; DN.A; DN.G","","Izumo1r; Cdk8; Tox; Tbc1d4; Pdcd1","Crip1; Ccl5; Satb1; Igfbp4; Selplg","FR4; CD73.5NTD; ICOS.CD278; CD38; NEUROPILIN1.CD304","CD62L; CD45RB; CD8A; CD55.DAF; CD8B"
"GP13","","CD4.Y; gdT.Q; gdT.R; gdT.S; gdT.T; gdT.U; gdT.V; Tz.D","","Tmem176b; Tmem176a; Il7r; CT010467.1; Cd163l1","Ms4a4b; Inpp4b; Ctla4; Ifi27l2a; Cd2","CD44; TCRGD; CD73.5NTD; NEUROPILIN1.CD304; THY1.2","CD4; CD62L; CD86; SCA1; CD2"
"GP14","","DP.wF; DP.wG","","Cd8b1; Cd8a; Satb1; Rag1; Themis","H2-K1; Crip1; H2-D1; B2m; Eef1a1","CD8B; CD8A; CD155.PVR; CD4; SLAM.CD150","ITB7; SCA1; CD44; CD73.5NTD; CD55.DAF"
"GP15","","CD8.D; CD8.F; CD4.F; Treg.C; gdT.X; DN.G; DN.H; DP.wH","","Eif5a; Npm1; Hsp90ab1; Ncl; Mif","Malat1; Tmsb4x; Itm2b; Cd52; Ypel3","CD8B; IL2RA.CD25; CD8A; ICAM1; CD69","CD4; CD62L; SCA1; CD5; CD31"
"GP16","","CD8.F; CD8.wY; CD4.D; DN.I; DN.J","","Ifi27l2a; Isg15; Ly6a; Bst2; Stat1","Thy1","SCA1; ICOS.CD278; CD4; CD11A; CD5","CD38; CD8A"
"GP17","","","CNS","Ifi27l2a; Atp5e; Tmsb4x; Ripor2; Lef1","Actg1; Ubb; Hspa8; Eef1a1; Il31ra","CD24; SCA1; ITAM.CD11B; CD38; GR1-LY6G-LY6C1-LY6C2","CD44; THY1.2; KLRG1; CD103; ITB7"
"GP18","","","","Cpa3; CT010467.1; Crip1; Ccl5; Tmsb10","Ifi27l2a; Ccr7; Ly6d; Rgcc; Limd2","ITB7; CD27; THY1.2; CD62L; CD103","IL2RA.CD25; CD4; FR4; CD55.DAF"
"GP19","","","","Prl8a9; Tpbpa; Psg21; Prl3b1; Creg1","Cts6; Ccr10; Cts3; Hsd17b2; Plekhh3","CD86; CD8B; CD4; GITR.CD357; LY49A","CD62L; THY1.2; FR4; CD55.DAF; SCA1"
"GP20","","CD8.K","","Cenpa; Ube2c; Cdc20; Cenpf; Arl6ip1","H2ac8; H1f5; H1f4; Hist1h2ap; H1f3","","CD8B; CD8A; CD45RB; CD55.DAF; ITB7"
"GP21","","CD8.P; CD4.P; Treg.P; CD8aa.P; Tz.P; DN.P; DP.wP","","Mcm3; Mcm6; Dut; Hells; Mcm5","CT010467.1; H2ac8; Malat1; H1f4; H1f5","","CD45RB; CD73.5NTD; CD55.DAF; THY1.2; CD5"
"GP22","DN","CD8.wV; CD4.wZ; gdT.G; CD8aa.B; CD8aa.E; Tz.B; DN.B; DN.C; DN.D; DN.E; DN.F; DN.I; DN.wM; DP.wD; DP.wE","mammary gland","Klra7; Fcer1g; Ccl5; Cd7; Xcl1","CT010467.1; Cdk8; Tpt1; Cmss1; Actb","LY49A; CD49B","THY1.2; CD5; CD4; CD8B; SCA1"
"GP23","","gdT.Q; gdT.R; gdT.T; gdT.X; Tz.D; DP.wF","skin","Actg1; Vim; Hspa8; Ubb; Hexb","Ccl5; Ms4a4b; AW112010; Ifi27l2a; H2-K1","ITB7; CD103; CD44; KLRG1; THY1.2","CD38; SCA1; CD5; CD2; CD11A"
"GP24","","","","Defa24; Defa30; Defa22; Defa21; Defa38","Fabp1; Rbp2; Apoa1; Odc1","CD4; CD49B; CD29; CD24; LY49A","ICAM1; CD45RB; CD73.5NTD; CD8B; CD27"
"GP25","","CD8.J; CD8.K; CD4.R; CD4.U; Treg.F; Treg.P; gdT.Q; gdT.R; gdT.T; gdT.U; gdT.V; Tz.B; Tz.D; Tz.P","","Lgals1; S100a6; Vim; Crip1; S100a10","Malat1; Eef1a1; Tpt1; Limd2; Btg1","SCA1; ICOS.CD278; ITAM.CD11B; ICAM1; ITAX.CD11C","CD62L; CD45RB; CD55.DAF; THY1.2; FR4"
"GP26","","CD8.G; CD8.J; CD8.Q; CD8.R; CD8.wV; CD8.wY; CD4.Q; CD4.R; CD4.S; CD8aa.E; Tz.A; DP.wD","mammary gland; submandibular gland","Ccl5; Nkg7; S100a6; AW112010; Rgs1","Klf2; Lef1; Tcf7; Tmsb10; Ripor2","CD8B; CD38; CD44; CD86; CD8A","CD45RB; CD62L; CD31; CD55.DAF; FR4"
"GP27","","CD4.Y; Treg.B; Treg.C; Treg.D; Treg.E; Treg.F","","Tnfrsf4; Tnfrsf9; Ikzf2; Cd83; Hopx","Ms4a4b; Crip1; Tmsb4x; Thy1; S100a6","KLRG1; ICOS.CD278; GITR.CD357; ICAM1; CD73.5NTD","CD45RB; SCA1; ITA4.CD49D; THY1.2; CD8A"
"GP28","","gdT.X","","CT010467.1; Cmss1; Cdk8; Tpt1; Eef1a1","S100a6; Gzmb; Ccl5; Nkg7; Ccl4","CD73.5NTD; CD4; CD5; THY1.2; ICOS.CD278","CD8B; ITAX.CD11C; CD8A; CD155.PVR; CD86"
"GP29","CD8aa","CD8.T; gdT.A; gdT.F; gdT.I; gdT.J; CD8aa.A; CD8aa.P; CD8aa.wM; DN.B; DN.E; DN.G; DP.wY","colon epi; small intestine epi","Cd7; Ccl5; Fcer1g; AW112010; Ctsw","Klf2; Ms4a4b; Lef1; Ifi27l2a; Lat","CD38; CD73.5NTD; ITB7; CD103; CD8A","CD5; CD4; CD62L; SCA1; THY1.2"
"GP30","Tz","CD8.wY; CD4.T; gdT.G; gdT.H; gdT.S; gdT.X; CD8aa.E; Tz.A; Tz.B; Tz.C; Tz.D; Tz.P; Tz.wM; DN.D; DN.I; DN.J","mammary gland; submandibular gland","Ccl5; Ly6e; Il2rb; Ly6c2; AW112010","Klf2; Vim; Ccr7; Tcf7; Cytip","CD44; CD11A; CD49B; CD38; LY49A","ITB7; CD62L; CD55.DAF; CD8B; CD8A"
"GP31","","","","Gzmd; Gzmf; Gzme; Gzmg; Spp1","Tff1; Sostdc1; Gzmk; Ctsw; Ccl5","CD55.DAF; THY1.2; CD31; ICOS.CD278; KLRG1","CD86; ITAM.CD11B; CD2"
"GP32","","CD8.I; CD8.J; CD8.K; CD8.wY; CD4.R; CD4.Y; gdT.C","","Cdk8; Rack1; Eef2; Ly6c2; Eef1a1","Malat1; Fth1; Ptma; Ppia; Emp3","CD45RB; CD27; CD62L; ITAX.CD11C; ITA4.CD49D","CD103; CD24; CD38; ITB7; CD4"
"GP33","","","","Hbb-bs; Hba-a2; Hba-a1; Hbb-bt; Alas2","","CD24; CD44; KLRG1; CD55.DAF; THY1.2","IL2RA.CD25; CD8B"
"GP34","","DN.P","","Rad51b; H19; Diaph3; Kcnq5; Pola1","H2ac8; H1f5; H1f4; Hist1h2ap; H4c4","CD86; ITAM.CD11B; GR1-LY6G-LY6C1-LY6C2; GITR.CD357; CD62L","THY1.2; ICOS.CD278; KLRG1; CD44; CD27"
"GP35","","CD4.T; gdT.S; DN.E","colon LP; submandibular gland","Junb; Fos; Dusp1; Jun; Zfp36","","THY1.2; CD73.5NTD; CD11A; CD2; CD69","CD62L; CD27; CD24; ICOS.CD278; IL2RA.CD25"
"GP36","","CD4.Y","","Il17a; Cxcl3; Il22; Ctla4; Hopx","S100a6; Crip1; Lmna; Vim; Lgals1","CD4; CD86; CD73.5NTD; GITR.CD357; CD5","THY1.2; CD44; KLRG1; TCRGD; CD27"
"GP37","","CD8.wV; CD4.wZ; CD8aa.E; DP.wD; DP.wE","mammary gland","Csn2; Csn1s2a; Gzma; Ccl5; Wap","Cdk8; Cmss1; Hexb; Camk1d; Il31ra","LY49A; ITB7; CD103; CD49B; CD29","B220; CD160; CD27; TCRGD; ICOS.CD278"
"GP38","","","","Tmsb10","Gzmk; Ccl5; Gzma; Itga4; Cd8b1","ICOS.CD278; CD44; THY1.2; KLRG1; CD160","CD86; ITAM.CD11B; CD38; CD45RB; ITAX.CD11C"
"GP39","","","","Fabp2; Apoa1; Rbp2; Fabp1; Crip1","Junb; Rgs1; Tnfaip3; Cdk8; Gzmk","CD49B; CD29; CD4; LY49A; CD155.PVR","CD45RB; ICAM1; CD73.5NTD; CD38; CD27"
"GP40","","","","Apoe; Ftl1; C1qb; C1qa; Cd74","Cdk8; Rn7sk; Camk1d; Gphn; Eef2","ITAM.CD11B; CD86; CD39; GR1-LY6G-LY6C1-LY6C2; GITR.CD357","THY1.2; ICOS.CD278; KLRG1; CD27; CD44"
"GP41","","CD8.B; CD4.B","","Il7r; CT010467.1; Crlf3; Mir6236; Ms4a4b","Actg1; Cd52; Actb; Pfn1; Cnn2","THY1.2; CD55.DAF; CD4; CD44; CD45RB","CD8B"
"GP42","","","","Reg2; Prss2; Reg1; Ctrb1; Try5","Fabp2; Gzmk; Apoa1; Rbp2; Fabp1","CD45RB; GITR.CD357; CD86; ICAM1; GR1-LY6G-LY6C1-LY6C2","THY1.2; ICOS.CD278; CD29; CD49B; KLRG1"
"GP43","","CD4.wN; gdT.R","","Tpt1; H2-D1; Rack1; H2-K1; CT010467.1","Hexb; Camk1d; Mir6236; Il31ra; Lars2","CD4; CD55.DAF; CD45RB; CD5; CD62L",""
"GP44","","CD8.P; CD4.P; Treg.P; CD8aa.P; Tz.P; DN.G; DN.P; DP.wH","","H2ac8; H1f5; CT010467.1; H1f4; H4c4","Gzmb; Gzma; Crip1; Tyrobp; Vim","THY1.2; ICOS.CD278; KLRG1; CD44; NEUROPILIN1.CD304","ITAM.CD11B; CD86; GR1-LY6G-LY6C1-LY6C2; GITR.CD357; CD45RB"
"GP45","","","","Tpbpa; Prl7d1; Prl2c5; Prl2b1; Prl8a9","Cts6; Psg16; Prl8a8; Psg23; Ceacam12","",""
"GP46","","DN.G","","H19; Tcf25; Myl10; Pld4; Uck2","Gzma; S100a6; Crip1; Ly6e; Gzmb","IL2RA.CD25; ICOS.CD278; TCRVG3","ITB7; ITAM.CD11B; CD39; GITR.CD357; CD38"
"GP47","","","","Crisp3; Klk1b26; Klk1; Klk1b9; Nfkbid","Malat1; Plac8; Fcer1g","ITB7; CD24; CD29; CD103; CD8B","CD45RB; CD27; CD44; CD160; CD62L"
"GP48","","DP.wF; DP.wG","","Dntt; Ly6d; Ly6e; Gzma; Crip1","Tmsb10; Tmsb4x; Cd52; Vim; H2-K1","CD24; NEUROPILIN1.CD304; CD29; CD27; ITA4.CD49D","CD44; CD2; CD5; ICOS.CD278; CD45RB"
"GP49","","CD8.wU; CD4.wN; gdT.E","CNS","CT010467.1; Mir6236; Cmss1; Cdk8; Camk1d","","CD45RB; CD5; CD44; CD24; CD38",""
"GP50","","gdT.X","","Jchain; Iglv1; Pnrc1; Sostdc1; Hsp90ab1","Gzma; Gzmb; Cdk8; Lars2; Gphn","ITAM.CD11B; CD86; GR1-LY6G-LY6C1-LY6C2; CD45RB; CD38","ICOS.CD278; THY1.2; KLRG1; CD44; NEUROPILIN1.CD304"
"GP51","","gdT.U","","Tmsb4x; Actb; Pfn1; Ppia; CT010467.1","Rn7sk; Ifi27l2a; Tcf7; Ccr7; Ypel3","CD55.DAF; CD45RB; CD44; CD73.5NTD; THY1.2","CD8B; CD8A; ITAX.CD11C; ICOS.CD278; ITB7"
"GP52","","","","Alb; Serpina1b; Serpina1e; Gnmt; Serpina1d","Cttnbp2; Fabp2; Gzmk; Rbp2; Spink1","TCRVG3; CD44; CD4; CD2; ICOS.CD278","CD8B; CD73.5NTD; CD38; THY1.2; CD45RB"
"GP53","","gdT.Z","","Olfm3; Mest; Foxo1; Trmt61b; Ifngr1","Cd7; Fcer1g; Nkg7; Vim; S100a6","ICOS.CD278; CD4; CD2; CD11A; SCA1","CD45RB; ITB7; CD103; CD8B; CD8A"
"GP54","","","","BC018473; CT010467.1; Cdk8; Mir6236; H2-D1","H2-K1; Ly6e; Rbm3; H2-T23; Ubb","CD45RB; SCA1; CD44; CD8A; CD5","BTLA.CD272; GR1-LY6G-LY6C1-LY6C2; CD155.PVR; KLRG1; CD11A"
"GP55","","","","Mpo; Ube2c; Hmgb2; Cenpa; Birc5","Myl10; Crip1; S100a6; Ly6d; Gzmk","CD86; ITAM.CD11B; GR1-LY6G-LY6C1-LY6C2; CD62L; GITR.CD357","THY1.2; KLRG1; ICOS.CD278; CD44; CD27"
"GP56","","CD4.U","","Il13; Areg; Gadd45b; Il4; Hilpda","Il1rl1; Ms4a4b; Odc1; Ifngr1; Cmss1","CD62L; CD4; CD45RB; GR1-LY6G-LY6C1-LY6C2; ITAM.CD11B","LY108; CD55.DAF; CD103; ICOS.CD278; CD155.PVR"
"GP57","","CD8.P; DN.P","","Nrgn; Gzmk; Tff1; Lag3; Stat3","Crip1; Klra7; Il22; Fth1; Gzmg","THY1.2; CD44; ICOS.CD278; NEUROPILIN1.CD304; CD160","ITB7; GR1-LY6G-LY6C1-LY6C2; ITAM.CD11B; CD86; CD45RB"
"GP58","CD8","CD8.A; CD8.B; CD8.C; CD8.E; CD8.F; CD8.wM","","Cd8b1; Cd8a; Nkg7; Ly6c2; Ctsw","Cd4; Igfbp4; Ly6a; Tspan32; Cytip","CD8B; CD8A; CD45RB; CD103; ITB7","CD4; SCA1; FR4; CD44; CD5"
"GP59","","","","Pnlip; Cela2a; Ctrb1; Prss2; Clps","Defb25; Fabp2; Cenpw; Blk","ICOS.CD278; ITAM.CD11B; CD44; B220; CD49B","CD45RB; GR1-LY6G-LY6C1-LY6C2; IL7RA.CD127; GITR.CD357; CD62L"
"GP60","","CD4.U","","Rgs6; Hdac9; Ptprk; Slamf7; Slit3","Sostdc1; Gzmk; Cd52; H19; Satb1","CD44; CD49B; THY1.2; LY49A; ICOS.CD278","CD4; GR1-LY6G-LY6C1-LY6C2; CD39; CD86; CD24"
"GP61","","","","CT010467.1; Cdk8; H2-Q6; Rack1; H2-D1","H2-K1; Ly6e; Rbm3; H2-T23; Ubb","CD45RB; CD4; SCA1; CD44; CD27","BTLA.CD272; GR1-LY6G-LY6C1-LY6C2; KLRG1; CD155.PVR; CD8B"
"GP62","","CD8.wV; CD4.wZ; gdT.A; gdT.B; gdT.C; gdT.D; gdT.E; CD8aa.C; CD8aa.D; CD8aa.E; DP.wD; DP.wE; DP.wY","","Gzma; Gzmb; Ccl5; Tyrobp; Fgl2","CT010467.1; Cmss1; Cdk8; Xcl1; Eef1a1","ICOS.CD278; KLRG1; TCRGD; CD103","CD45RB; GITR.CD357; CD2; IL7RA.CD127; CD11A"
"GP63","","CD4.Y; gdT.R; gdT.T; gdT.X; gdT.Z; DN.E","skin; kidney","Vps37b; Emb; Litaf; Ifngr1; Nr4a2","Coro1a; Ltb; Ucp2; Cd52; Cnn2","CD38; CD69; CD73.5NTD; ICAM1; CD45RB","CD4; CD2; CD62L; CD27; CD31"
"GP64","","","","Car1; Atpif1; Blvrb; Mt1; Car2","Tmsb4x; Cd3g","CD55.DAF; CD44; CD38; CD27; ITA4.CD49D","CD4; IL2RA.CD25; ICOS.CD278; TCRVG3; SCA1"
"GP65","","","","Fabp2; Clec2h; Rbp2; Fabp1; Il22ra1","Gzmk; Apoa4; Alpi; Krt20; Myo15b","CD4; CD49B; CD29; TCRVG3; CD24","CD8B; ICAM1; CD73.5NTD; CD45RB; ITA4.CD49D"
"GP66","","","","Tubb1; Nrgn; Cd9; Pf4; Gng11","","CD49B; CD29; CD24; CD55.DAF; LY49A",""
"GP67","","","CNS","Gata2; Cd34; Angpt1; Atpif1; Olfr91","Gzmk; Hs6st2; H19; Cpa3; Cd3e","THY1.2; ICOS.CD278; KLRG1; CD44; CD27","ITAM.CD11B; CD86; GR1-LY6G-LY6C1-LY6C2; GITR.CD357; CD45RB"
"GP68","Treg","Treg.A; Treg.B; Treg.C; Treg.D; Treg.E; Treg.F; Treg.P; Treg.wM; gdT.X; DN.G","","Foxp3; Ikzf2; Izumo1r; Il2ra; Ifi27l2a","Tcf7; Igfbp4; Themis; Lef1; Pde3b","IL2RA.CD25; FR4; GITR.CD357; NEUROPILIN1.CD304; CD73.5NTD","CD45RB; IL7RA.CD127; SCA1; THY1.2; ITA4.CD49D"
"GP69","","gdT.R; gdT.T","","Ccl5; S100a6; Nkg7; Gzmb; Crip1","Tmem176b; Ifngr1; Bhlhe40; Tmem176a; Junb","CD45RB; CD8B; GR1-LY6G-LY6C1-LY6C2; CD8A; CD86","ICOS.CD278; THY1.2; CD73.5NTD; CD5; KLRG1"
"GP70","","","","Taf7l; Tpbpb; Tpbpa; Psg16; Ceacam11","Il22; Il1r2; Ermn; Prl3b1; Flt1","GITR.CD357; NEUROPILIN1.CD304; CD4; CD29; CD39","THY1.2; FR4; CD62L; CD27; CD45RB"
"GP71","","gdT.X","","Cts6; Il22; Prl8a8; Psg26; Hsd17b2","Tpbpa; Prl3b1; Prl8a9; Tpbpb; Prl2c5","GITR.CD357; CD29; CD86; LY49A; TCRVG3","CD45RB; CD62L; THY1.2; CD5; GR1-LY6G-LY6C1-LY6C2"
"GP72","","CD4.T; CD4.X; CD4.Y; gdT.R; gdT.S; gdT.T; gdT.X","skin","Bhlhe40; Ramp3; Emb; Tnfsf11; Junb","Ccl5; S100a6; Gzmb; Crip1; Lgals1","ICOS.CD278; CD4; CD5; CD31; THY1.2","ITB7; CD45RB; CD8A; CD8B; CD39"
"GP73","","","","Ifngr1; CT010467.1; Tmem176b; Bhlhe40; Tmem176a","Gzmb; Crip1; S100a6; Ccl5; Nr4a2","THY1.2; ICOS.CD278; CD44; KLRG1; NEUROPILIN1.CD304","GR1-LY6G-LY6C1-LY6C2; ITAM.CD11B; CD86; CD45RB; CD62L"
"GP74","","","","S100a9; CT010467.1; Cmss1; Lars2; Tpt1","Hspa8; Junb; Rsrp1; Rn7sk; Txnip","CD24; GR1-LY6G-LY6C1-LY6C2; LY49A; CD45RB; CD38",""
"GP75","","","","n-R5-8s1; Rn7sk; Dpp8; Klf10; Pdcd1lg2","","SLAM.CD150; CD49B; CD29; NEUROPILIN1.CD304; ICOS.CD278","CD27; CD62L; TCRGD"
"GP76","","","","Tmsb10; Cd52; H2ac8; H1f5; Tuba1b","CT010467.1; Crip1; Dntt; Ly6d; Ly6e","CD44; ICOS.CD278; KLRG1; THY1.2; CD49B","GR1-LY6G-LY6C1-LY6C2; CD4; CD24; CD86; ITAM.CD11B"
"GP77","","CD8.wV; CD4.wZ; DP.wD; DP.wE","mammary gland","Cd74; H2-Aa; H2-Eb1; H2-Ab1; Cd79a","Cdk8; Cmss1; Hexb; Il31ra; Camk1d","CD55.DAF; CD38; CD24; LY49A; B220","CD27"
"GP78","","","","Stfa3; Klra7; Gzmb; Gzma; Itga4","Olfm3; Sostdc1; Tmsb10; Cxcl3; Cd8a","CD62L; CD8B; CD86; CD5; CD49B","CD44; THY1.2; CD27; B220; CD38"
"GP79","","CD4.Q; CD4.S; CD4.T; CD4.U; CD4.X; CD4.Y; gdT.Q; gdT.S; gdT.U; gdT.X; Tz.D","","Tmem176b; Bhlhe40; Ifngr1; Tmem176a; Junb","Ccl5; S100a6; Gzmb; Nkg7; Crip1","CD4; CD73.5NTD; CD5; ICOS.CD278; SLAM.CD150","CD8B; CD45RB; CD8A; ITAX.CD11C; ITB7"
"GP80","DN","CD8.E; CD8.G; CD8.H; CD8.J; CD8.wY; CD4.G; CD4.R; CD4.S; Treg.F; gdT.G; gdT.J; gdT.Q; gdT.V; CD8aa.B; Tz.B; DN.A; DN.B; DN.C; DN.D; DN.wM","peritoneal cavity","Ccl5; Klf2; Crip1; Itgb1; Ly6c2","Inpp4b; Tpt1; Eef1a1; Igfbp4; Rack1","CD49B; CD29; CD44; ITA4.CD49D; ICAM1","ITB7; THY1.2; CD103; CD4; FR4"
"GP81","","","","Ccl5; S100a6; Nkg7; Gzmb; Ccl4","CT010467.1; Cmss1; Emb; Tmem176b; Bhlhe40","CD86; ITAM.CD11B; GR1-LY6G-LY6C1-LY6C2; GITR.CD357; CD45RB","THY1.2; ICOS.CD278; KLRG1; CD44; CD5"
"GP82","","gdT.X","CNS","Mcpt8; Prss34; Il22; Cd63; Ms4a2","Gzma; Gzmk; Cxcl3; Gzmb","THY1.2; ICOS.CD278; CD44; CD160; KLRG1","CD45RB; ITAM.CD11B; ITB7; GR1-LY6G-LY6C1-LY6C2; CD86"
"GP83","","","","Tff1; Tmem176b; Tmem176a; Emb; Rgs1","S100a6; Sostdc1; Ccl5; Crip1; Pdcd1","THY1.2; ICOS.CD278; CD44; KLRG1; TCRGD","CD45RB; GITR.CD357; CD86; ITAM.CD11B; GR1-LY6G-LY6C1-LY6C2"
"GP84","","","","Mucl2; Itgb1; Cxcr6; S100a6; Scgb1b27","Gzmk; Gzmb; Malat1; Gzma; Plac8","CD29; ITA4.CD49D; CD24; CD5; GITR.CD357","CD45RB; CD27; KLRG1; CD160; ICOS.CD278"
"GP85","","gdT.X; gdT.Z","","Gzmb; Ccl5; S100a6; Crip1; Nkg7","Ifngr1; Tmem176b; CT010467.1; Junb; Tmem176a","CD86; GR1-LY6G-LY6C1-LY6C2; CD45RB; ITB7; ITAM.CD11B","ICOS.CD278; THY1.2; CD73.5NTD; CD44; CD5"
"GP86","","","","Myh6; Ogfod3; Atp2a2; Gypc; Rrp1b","Gzmk; Defa24; Cyp2c50; Defa39; Defa23","CD4; TCRVG3; ICOS.CD278; CD49B; CD24","CD8B; CD73.5NTD; CD38; CD45RB; THY1.2"
"GP87","","CD4.U","","A2m; Cryab; Gpx3; Rarres2; Fabp4","Erv3; Slc39a8; Gzmk; Bambi; Ccrl2","",""
"GP88","","","","Cxcl3; Sostdc1; CT010467.1; Tmsb10; Tmsb4x","Gzmk; Il22; Odc1; Ccl5; Gzmb","THY1.2; ICOS.CD278; KLRG1; NEUROPILIN1.CD304; CD27","CD86; ITAM.CD11B; GITR.CD357; CD38; GR1-LY6G-LY6C1-LY6C2"
"GP89","","","","Cmss1; Mir6236; Kap; Gphn; Gpx3","Xist; Rn7sk; Rbm3; Gzmk; Gapdh","CD4; TCRVG3; ICOS.CD278; CD49B; CD2","CD8B; CD73.5NTD; CD38; CD45RB; THY1.2"
"GP90","","","","Reg3b; Fabp6; Lypd8; Phgr1; S100a6","Fabp2; Fabp1; Rbp2; Gzma; Klra7","CD45RB; CD8B; CD38; CD8A; ITB7","LY49A; CD29; CD49B; ICOS.CD278; TCRVG3"
"GP91","","","","Ctrb1; Try4; Clps; Cela2a; Prss2","","CD38; ICAM1; CD103; FR4; CD5","CD62L; GITR.CD357; GR1-LY6G-LY6C1-LY6C2; SLAM.CD150; CD2"
"GP92","","","","Igf1r; Gab3; Xist; Eml4; Il12rb2","Trmt61b; Adamtsl3; Rhoq; Carmil1; Btbd9","TCRVG2; TCRGD; CD11A; IL7RA.CD127; SCA1","GITR.CD357; CD45RB; ITA4.CD49D; ITB7; CD5"
"GP93","","gdT.Z","","Mest; Slc25a3; Trmt61b; Atp5md; Cwc25","Vim; Cd3g; Cd7; Cd3e; Trat1","CD73.5NTD; THY1.2; CD8B; CD38; CD5","CD4; ITAM.CD11B; TCRVG3; CD24; GITR.CD357"
"GP94","","","","Apoa4; Alpi; Myo15b; Abcc2; Creb3l3","Fabp2; Rbp2; Fabp1; Reg3b; Hspa1a","ICAM1; CD45RB; CD73.5NTD; CD8B; CD38","CD4; CD49B; CD29; TCRVG3; CD155.PVR"
"GP95","","","","Defb25; Fabp2; Hif1a; Cenpw; Capg","Ctrb1; Prss2; Clps; Cela2a; Try4","CD29; CD49B; ITAM.CD11B; CD4; CD5","ICAM1; CD103; CD44; CD45RB; CD160"
"GP96","","gdT.X","CNS","Olfm5; Angpt1; Ctla2a; Alox5ap; Ly6d","Ccr9; Gzma; Cpa3; Igfbp4; Tmsb10","ITA4.CD49D; CD29; IL2RA.CD25; LY108; CD24","CD62L; CD103; GITR.CD357; ITB7; ITAM.CD11B"
"GP97","","","","Tex50; Mpp7; Vmp1; Zmym6; Plekhg1","Cd163l1; Il1r1; Serpinb1a","CD73.5NTD; CD38; GITR.CD357; ITA4.CD49D; CD155.PVR","CD8B; CD8A; TCRGD; CD49B"
"GP98","","","","Tmsb10; Tmsb4x; Cd52; Vim; H2-K1","Dntt; Ly6e; Ly6d; Crip1; Gzma","CD44; ICOS.CD278; CD2; CD5; CD4","CD24; CD29; NEUROPILIN1.CD304; ITA4.CD49D; CD27"
"GP99","","","","Glis1; Frmd5; Tnfrsf9; Gzma; Lgals3","Nr4a2","GITR.CD357; CD103; CD45RB; ITA4.CD49D; CD27","SCA1; ITAX.CD11C; FR4; CD62L; CD49B"
"GP100","","gdT.B; gdT.C; gdT.F","","Xcl1; Kit; Cd8a; Klra5; Cd160","Gzma; Gzmb; Ccl5; CT010467.1; Fth1","B220; CD160; CD44; CD27; ICOS.CD278","ITAM.CD11B; CD86; CD45RB; ITB7; CD2"
"GP101","","CD4.E; gdT.K; DN.A; DN.G; DP.wF","","Itm2a; Tox; Satb1; Ccr9; Tmsb10","H2-K1; H2-D1; Ms4a4b; Ly6a; Fxyd5","CD24; CD8B; CD155.PVR; CD5; CD8A","CD55.DAF; SCA1; CD44; CD4; CD73.5NTD"
"GP102","","","","Matn4; Dhx40; Taf4b; Ern1; Lsmem1","Dgat1; Ppp1r15a; Bhlhe40; Ikzf3","",""
"GP103","","","","Smc3; Cfap65; Ints6; Dip2b; Phtf1","Dennd4a","CD29; CD39; CD86; GR1-LY6G-LY6C1-LY6C2; ITA4.CD49D","SLAM.CD150; CD11A; CD80; CD4; CD27"
"GP104","","","","Gzma; A26c3; Arhgap27os3; Scin; Slc7a13","Kap; Gpx3","",""
"GP105","","","","Fabp2; Mbl2; Mup7; Fhit; Spred2","Rbp2; Gzmk; Fabp1; Apoa1; Defa24","ITAX.CD11C; CD11A; TCRVG3; CD4; ICOS.CD278","B220; KLRG1; CD73.5NTD; IL7RA.CD127; CD45RB"
"GP106","","","","Vwc2l; Atad2; Phf20l1; Cebpb; Slc25a38","Tpt1","CD160; CD49B; IL7RA.CD127; CD2; SLAM.CD150","CD86; CD73.5NTD; CD62L; ITAM.CD11B; ITA4.CD49D"
"GP107","","gdT.Z","","Vim; S100a6; Cd7; Ctla2a; Fcer1g","Trmt61b; Mest; Slc25a3; Cdk11b; Foxo1","TCRGD; ITB7; CD103; TCRVG3; THY1.2","CD4; CD2; CD11A; ICOS.CD278; CD5"
"GP108","","","","Gzmb; Ikzf3; Ifi27l2a","CT010467.1; Tpt1; Eef1a1; Cmss1; Cdk8","","THY1.2; CD5; CD44; KLRG1; CD73.5NTD"
"GP109","","DP.wH","","Smtn; Slc9a9; Gpr183; Rgs10; Trerf1","AW112010; Itga4; Gimap3; Inpp4b; Fau","KLRG1; THY1.2; CD73.5NTD; ITB7; BTLA.CD272","CD4; SCA1; ICAM1; CD55.DAF; CD62L"
"GP110","","gdT.X","","Sostdc1; Pdcd1; Tox; Ifi27l2a; S100a6","CT010467.1; Tpt1; Tmsb4x; Cmss1; Eef1a1","ICOS.CD278; FR4; KLRG1; NEUROPILIN1.CD304","CD45RB; CD4; ITAM.CD11B; CD62L; IL7RA.CD127"
"GP111","","gdT.X","","Edn3; Izumo1r; Cacna1d; Gpm6b; Cd200","Tigit; Sh2d1a; Ikzf2; Nrgn; Ccl1","FR4; CD73.5NTD; CD38; CD86; SCA1","THY1.2; CD44; CD55.DAF; ICAM1; TCRGD"
"GP112","","DP.wG","","Hs6st3; Gzmk; Stfa3; Klra7; Gzmb","Sostdc1; Tff1; Nrgn; Tmsb10; Pdcd1","ITB7; KLRG1; LY49A; CD103; ITA4.CD49D","CD8B; CD8A; CD4; CD5; CD73.5NTD"
"GP113","","","","Psg28; Ccr10; Myo5a; Tpbpa; Smim13","Pxdc1; Psg27; Il22; Prl8a8; Tmem176a","",""
"GP114","","","","Prl3b1; Cts3; Tpbpa; Tpbpb; Ccr10","Il22; Psg21; Cts6; Rhox9; Prl8a8","ITAX.CD11C; FR4; ITAM.CD11B; CD62L; GR1-LY6G-LY6C1-LY6C2","CD4; ITA4.CD49D; NEUROPILIN1.CD304; CD55.DAF; GITR.CD357"
"GP115","","","","Prl3a1; Tff1; Col4a3bp; Il10; Klri1","Prl3b1; Tpbpa; Furin; Fcer1g; Cts3","CD4; ITA4.CD49D; GITR.CD357; NEUROPILIN1.CD304; CD55.DAF","ITAX.CD11C; FR4; CD62L; ITAM.CD11B; THY1.2"
"GP116","","","","Ceacam13; Rhob; Tpbpa; Kri1; Sh3pxd2a","","",""
"GP117","","CD4.wN; DN.G; DN.P; DP.wG","","Tnni1; Nrgn; Fcer1g; Cd7; Klhdc2","Ccl5; Thy1; AW112010; Cd8a; Ly6e","CD73.5NTD; LY49A; CD24; CD160; CD2","THY1.2; CD44; SCA1; CD62L; CD8A"
"GP118","","CD8.K; Treg.P; DP.wP","","Ccnb2; Hmgb2; Hmgn2; Cenpa; H2az1","CT010467.1; Malat1; Ccl5; Cmss1; Tpt1","","THY1.2; CD73.5NTD; CD45RB; CD44; CD103"
"GP119","","","CNS","Myl10; S100a6; Ptcra; Crip1; Ly6d","Ube2c; Hmgb2; Cenpa; H19; Ccnb2","THY1.2; ICOS.CD278; KLRG1; CD44; CD27","ITAM.CD11B; CD86; GR1-LY6G-LY6C1-LY6C2; GITR.CD357; CD45RB"
"GP120","","","","Ifngas1; Ccl5; Ly6c2; Il2rb; Nkg7","Igfbp4; Inpp4b; Lef1; Ifi27l2a; Itgb7","CD44; CD45RB; CD62L; CD49B; CD8B","ITB7; CD4; CD103; ITA4.CD49D; FR4"
"GP121","","gdT.D; gdT.E; gdT.X; gdT.wM; CD8aa.D; CD8aa.wM; Tz.wM; DN.G; DN.wM","","Ikzf2; Dennd4a; Rabgap1l; Chn2; St6galnac3","Ccl5; Gzma; AW112010; Cd7; Nkg7","CD55.DAF; CD2; CD73.5NTD; THY1.2; CD62L","ITAX.CD11C; CD24; CD38; GR1-LY6G-LY6C1-LY6C2"
"GP122","","DN.A","","Ptprm; Hdac9; Myb; Smc4; Slamf7","Cd52; Il7r; Ccl5; Satb1; AW112010","GR1-LY6G-LY6C1-LY6C2; CD45RB; CD62L; CD86; CD38","CD44; THY1.2; CD49B; ICOS.CD278; KLRG1"
"GP123","","","","Phactr1; Myl10; Sorcs1; Slit3; Stfa3","Sostdc1; H2ac8; H1f5; Hdac9; Tmsb10","CD4; GR1-LY6G-LY6C1-LY6C2; CD86; ITAM.CD11B; CD39","CD44; THY1.2; ICOS.CD278; KLRG1; CD49B"
"GP124","","gdT.X","","Gzmk; Arhgap29; H19; Cpeb4; Supt3","Ptprm; Hdac9; Ccnb2; Slamf7; Phactr1","CD4; GR1-LY6G-LY6C1-LY6C2; CD39; CD86; CD24","CD44; CD49B; THY1.2; ICOS.CD278; KLRG1"
"GP125","","","","Klra4; Gzma; Sostdc1; Tyrobp; Klra8","Klra7; Cd3e; S100a6; Gzmk; Ly6c2","CD62L; CD49B; ITAM.CD11B; CD4; CD44","LY49A; THY1.2; ITB7; ITA4.CD49D; CD2"
"GP126","","DN.F","","Ncr1; Tyrobp; Fcer1g; Klrb1c; S100a6","Klra7; Ikzf2; Cd8a; Cd3e; Cd3d","ITAX.CD11C; LY49A; CD49B; CD62L; CD11A","CD8A; CD73.5NTD; CD5; CD8B; SCA1"
"GP127","DN","CD8.wV; CD8aa.B; CD8aa.E; Tz.A; Tz.B; DN.B; DN.C; DN.D; DN.E; DN.F; DN.H; DN.I; DN.P; DN.wM; DP.wD","mammary gland","Klra7; Gzmk; Klra1; Xcl1; Klra6","Sostdc1; Tff1; Cd8a; Pdcd1; Gzmb","LY49A; THY1.2; CD2; ITA4.CD49D; CD11A","SCA1; CD38; CD4; CD73.5NTD; CD24"
"GP128","","","","Cav1; Ptprk; Slamf7; Anxa5; Gpr183","Ccl5; Cd52; Cd2; Ikzf2; AW112010","B220; CD62L; CD73.5NTD; CD44; CD45RB","GITR.CD357; CD4; CD2; CD5; CD86"
"GP129","","CD8.wX","","Slc30a3; Ucp2; Crtam; Lat; Ctsw","Ly6e; Tmsb10; Pdcd1; Ikzf2; Id3","CD155.PVR; KLRG1; CD11A; CD160; ITB7","CD8B; CD8A; CD73.5NTD; NEUROPILIN1.CD304; ICAM1"
"GP130","","","","Nrgn; Tnfrsf9; Ccl1; Nkg7; Anxa2","Tff1; Cmss1; Sostdc1; Cdk8; Gzmk","TCRVG3; KLRG1; CD29; CD27; THY1.2","CD73.5NTD; CD5; CD38; ITB7; CD45RB"
"GP131","","","","Cstb; Defb8; Ier5l; Fth1; Trmt61b","Fabp2; Il12rb2; Nr4a1; Tmem123; Klf4","CD29; CD24; TCRVG3",""
"GP132","","","","Dgat2; Itgae; Fa2h; Odc1; Glud1","Adgrl2; Carmil1; Il12rb2","",""
"GP133","","DN.A","","Slit3; Hdac9; Slamf7; Myb; Eomes","Ccl5; Cd52; Cd5","B220; CD45RB; CD155.PVR; CD24; CD80","GITR.CD357; CD2; CD4; CD5; ICAM1"
"GP134","","","","Sostdc1; Gzmk; Nrgn; Sfmbt2; Cxcl3","Slit3; Stfa3; Ptprk; Setbp1; Olfm3","CD44; THY1.2; CD49B; ICOS.CD278; KLRG1","CD4; GR1-LY6G-LY6C1-LY6C2; CD86; CD39; CD38"
"GP135","","","","Hspa1a; Hspa1b; Hsp90aa1; Hsp90ab1; Dnajb1","","THY1.2; SCA1; CD160; CD39; CD69","CD62L"
"GP136","","","","Reg4; Socs4; Adgrg5; Cnnm2; Atg10","Rbp2; Defa24; Apoa1; Fabp1; Adgrl2","CD49B; CD29; ITAM.CD11B; CD4; CD155.PVR","ICAM1; CD27; CD44; CD45RB; CD103"
"GP137","","","","Mat1a; Rcsd1; Ass1; Scp2; Tmem176b","Serpina1e; Gzmk; Kap; Apoe; Selenbp2","",""
"GP138","","","","Gstp1; Cttnbp2; Serpina1e; Hrg; Rbm10","Alb; Ass1; Hamp; Apoc3; Lap3","",""
"GP139","","","","Abca8a; Cnot4; Mmd; Irf2bp2; Sft2d3","Kap","",""
"GP140","","","","Aqp8; Prap1; Rab4a; Klf10; Gstm1","Trmt61b; Areg; Gzmk; Serpina1e; Chpt1","",""
"GP141","","","","Ambp; Cttnbp2; Fam20b; Phldb2; Miga1","Serpina1d; Alb; Fabp1; Car3; Gsta3","",""
"GP142","","","","Cttnbp2; Serpina1d; Gzmk; Ttc36; Car10","Alb; Ambp; Serpina1b; Tjp1; Hrg","CD8B; CD73.5NTD; CD45RB; CD38; THY1.2","CD4; TCRVG3; ICOS.CD278; SCA1; CD49B"
"GP143","","","","Alb; Cttnbp2; Hspa1a; Fabp2","Serpina1d; Aqp8","CD4; TCRVG3; ICOS.CD278; CD44; LY49A","CD8B; CD73.5NTD; CD38; CD45RB; CD8A"
"GP144","","","","Ugt2b34; Fabp2; Hspa1a; Cep83; Ccr2","Defa24; Defa30; Fabp1; Rbp2; Defa38","CD4; TCRVG3; CD24; IL2RA.CD25; ICOS.CD278","CD8B; CD73.5NTD; CD38; CD45RB; THY1.2"
"GP145","","","","Fabp2; Gzmk","Rgs1; Apoa1; Reg3b; Hspa1a","CD8B; CD73.5NTD; CD45RB; ICAM1; CD38","CD4; CD49B; CD29; TCRVG3; CD155.PVR"
"GP146","","","","Fabp2; Slc10a2; Fabp6; Klrh1; Ahi1","Rbp2; Fabp1; Apoa1; Ckmt1; Spink1","ITAM.CD11B; CD4; CD49B; CD24; CD29","ICAM1; CD27; CD160; CD103; CD11A"
"GP147","","","","Reg3g; Gzmk; Klra7","Fabp2; Phgr1; Cldn7","ICAM1; CD27; CD45RB; ITA4.CD49D; CD103","CD49B; CD4; CD29; ITAM.CD11B; CD24"
"GP148","","","","Rbp2; Fabp1; Apoa1; Ckmt1; Apoc3","Fabp2; Gzma; Fabp6; Gzmb; Kap","ICAM1; CD44; CD2; CD103; GITR.CD357","ITAM.CD11B; CD38; CD29; CD49B; CD8B"
"GP149","","","","Pcdh7; Areg","","ITB7; CD103; TCRGD; TCRVG3; TCRVG2","ICOS.CD278; CD8A"
"GP150","","gdT.Z","","Malat1; Tmem176b; Tmsb4x; AW112010; Ifngr1","Olfm3; Slc25a3; Crip1; Mest; Cdkn1a","CD73.5NTD; THY1.2; CD5; CD38; KLRG1","CD4; CD86; GR1-LY6G-LY6C1-LY6C2; ITAX.CD11C; GITR.CD357"
"GP151","","CD8.P; CD4.U; CD4.P; Treg.P; gdT.R; gdT.X; CD8aa.P; Tz.D; Tz.P; DN.P","","Pxdc1; Lmo4; Ramp3; Sptssa; Lgals3","Cd163l1; H2-K1; Cd247; Ctla4; Ubb","ICOS.CD278; KLRG1; CD103; THY1.2; CD27","CD4; CD86; CD5; CD55.DAF; GITR.CD357"
"GP152","","CD4.U; CD4.Y; Treg.D; Treg.E","","Ctla4; Itm2b; Il10; CT010467.1; Tmsb4x","Ccl5; Tnfrsf9; Cd8b1; Cd83; Rel","THY1.2; ICOS.CD278; CD73.5NTD; CD5; CD44","CD8B; CD86; GR1-LY6G-LY6C1-LY6C2; ITAM.CD11B; CD45RB"
"GP153","","CD8.P; CD4.Y; CD4.P; gdT.Q; Tz.P; DN.P","","Sox13; Crip1; Blk; Ccr9; Maf","Lck; Cpa3; Shisa5; Ccl5; Satb1","TCRVG2; TCRGD; CD44; CD103; SCA1","CD4; CD45RB; CD5; CD8B; CD2"
"GP154","","gdT.X","","Ccr7; Ifi27l2a; Myl10; Plac8","CT010467.1; Ccl5; Tpt1; Cmss1; Cdk8","","THY1.2; CD73.5NTD; CD27; CD45RB; CD103"
"GP155","","gdT.R","","Gzma; Cdk8; Tcf7; Eef2; Gas5","Tmsb4x; H2-K1; Cd52; Tmsb10; Tagln2","THY1.2; CD103; CD27; KLRG1; ICOS.CD278","CD4; ITAM.CD11B; GITR.CD357; CD86; CD38"
"GP156","","CD4.U; gdT.Q; gdT.X","CNS","Hs3st1; Hilpda; Zfp36l1; Ldha; Ptpn13","Il1rl1; Crip1; S100a6; Odc1; Hopx","SCA1; CD38; CD24; CD69; CD45RB","CD2; CD103; NEUROPILIN1.CD304; CD5; GITR.CD357"
"GP157","","","","Dcn; Ctla2a; Rarres2; Gpx3; Igfbp7","Lmcd1; Smim17","ITAM.CD11B; LY49A; SCA1; TCRVG2; CD39","THY1.2; GITR.CD357; ICOS.CD278; CD2; CD44"
"GP158","","","","Emx2os; Plp2; Hacd2; Os9; Eif4enif1","Kap; Cdk8","CD29; CD49B","THY1.2"
"GP159","","CD4.U","","Il1rl1; CT010467.1; Il7r; Cmss1; Cdk8","Ccl5; Gzmb; S100a6; Anxa2; Nkg7","KLRG1; THY1.2; ICOS.CD278; CD44; NEUROPILIN1.CD304","CD86; ITAM.CD11B; GR1-LY6G-LY6C1-LY6C2; ITAX.CD11C; CD39"
"GP160","","","CNS","Erv3; Slc39a8; Bambi; Ccrl2; Zdhhc11","Hspa1a; Lmcd1; Hspa1b; Cryab; Dcn","",""
"GP161","","CD4.Y; gdT.X","","Il17a; Junb; Pdcd1; Rgs1; Nr4a1","Gzmb; AW112010; Cxcl3; Gzma; Ly6a","THY1.2; KLRG1; CD44; ICOS.CD278; CD27","CD86; GITR.CD357; ITAM.CD11B; CD39; GR1-LY6G-LY6C1-LY6C2"
"GP162","","CD4.Y; gdT.Q; gdT.R; gdT.S; gdT.T; gdT.U; gdT.V; Tz.D","","Il22; Ly6a; Ermn; Il1r2; Cyb5a","Il17a; S100a6; Crip1; Pxdc1; Lgals1","THY1.2; KLRG1; CD44; ICOS.CD278; CD27","GITR.CD357; CD86; ITAM.CD11B; ITB7; GR1-LY6G-LY6C1-LY6C2"
"GP163","","Tz.wM","","Laptm5; Cd52; Cd3g; Il2rg; Cd3e","Cmss1; Tpt1; Rack1; Ccl5; Cdk8","ITB7; CD5; CD103; FR4; ICOS.CD278","CD27"
"GP164","","","","Msln; Clu; Os9; Pet100; Nap1l1","Lmcd1; Smim17; Il1r2","CD49B; CD24; CD29; ICAM1; ITAM.CD11B","TCRGD; KLRG1; CD5; ITB7; CD44"
"GP165","","","","Kcnq5; Fam171b; Trim69; Cxcl2; Vmp1","Ccr8","",""
"GP166","","","CNS","Fau; Tmsb10; Uba52; Malat1; Serf2","Cdk8; Cmss1; H2-D1; H2-K1; Vim","CD44; THY1.2; KLRG1; ITB7; ITAM.CD11B","LY49A; IL2RA.CD25"
"GP167","","gdT.X","","Igkv17-127; Igha; Igkv3-2; Igkc; Iglv1","","SCA1; ITAM.CD11B; CD2; CD24; THY1.2","ITB7; CD49B; CD103; CD8A; TCRGD"
"GP168","","","","Igkv1-133; Ighv6-3; Pnrc1; Igkv6-15; Hsp90ab1","Ifi27l2a; Ubc; Itgb1; Jun","ITAM.CD11B; SCA1; CD24; THY1.2; CD2","ITB7; GITR.CD357; CD103; CD62L; NEUROPILIN1.CD304"
"GP169","","","","Gzmb; Gzma; Gzmk; Stfa3; Tff1","Sostdc1; Klra7; Camk1d; Xcl1; Cd52","ICOS.CD278; THY1.2; CD44; KLRG1; NEUROPILIN1.CD304","ITAM.CD11B; CD86; GR1-LY6G-LY6C1-LY6C2; CD45RB; GITR.CD357"
"GP170","","CD4.G; CD4.Q; CD4.R; CD4.X; CD4.Y; Treg.F; gdT.A; gdT.I; Tz.wM; DP.wF","","Gzma; Rora; Lat; Ccr9; Atxn1","S100a6; Ly6c2; Fcer1g; Tmsb10; Tyrobp","ITB7; CD103; THY1.2; CD73.5NTD; CD38","CD62L; CD2; GITR.CD357; CD55.DAF; LY49A"
"GP171","","DP.wF; DP.wG; DP.wP","","Igfbp4; Ccr7; Limd2; Arhgef1; Lef1","Ccl5; CT010467.1; Cmss1; Srgn; Cdk8","CD4; CD62L; FR4; CD5","CD73.5NTD; CD44; CD38; CD8A; CD45RB"
"GP172","","","","Prl3b1; Cts6; Il22; Hsd17b2; Shank1","Tpbpa; Tpbpb; Ceacam11; Cts3; Ceacam14","",""
"GP173","","","","Egr3; Egr1; Nr4a1; Nfkbid; Zfp36l1","Klf2; Ccr7; Ifngr1; Grap2; Tsc22d3","ITB7; CD24; CD103; FR4; CD8A","THY1.2; KLRG1; CD44; TCRGD; SLAM.CD150"
"GP174","","CD8.D; CD4.Y; gdT.T; gdT.X; DN.H; DP.wH","","Nfkbia; Ltb; Ly6a; H2-K1; Irf1","Vim; S100a6; Zfp36l2; Thy1; Tmsb4x","SCA1; ICAM1; CD4; CD86; CD69","CD73.5NTD; THY1.2; ITB7; CD5; FR4"
"GP175","","gdT.X","","Stk39; B4galt1; Brwd1; Cdh1; Defa21","Fau; Defa24; Defa30","",""
"GP176","","gdT.A","","Ccl3; Ccl4; Ccl5; Nr4a2; Nkg7","CT010467.1; Tmsb10; Ly6e; Cmss1","CD8B; ITAX.CD11C; CD8A; CD39; CD38","CD4; CD44; CD73.5NTD; KLRG1; CD31"
"GP177","","CD4.T; CD4.U; CD4.X; gdT.R; gdT.S; gdT.T; gdT.Z","skin","Cxcl3; Crip1; CT010467.1; Lmna; Ramp3","Il22; Ctla4; Ly6a; Gzmb; AW112010","THY1.2; KLRG1; CD44; ICOS.CD278; NEUROPILIN1.CD304","ITAM.CD11B; CD86; CD4; GR1-LY6G-LY6C1-LY6C2; CD38"
"GP178","","gdT.X","","Car6; Dusp2; Gzmk; Jaml; Il22","Cxcl3; Hspa1a; Sostdc1","","CD45RB"
"GP179","","gdT.X","","Mxd1; Pla2g2f; Il4; Fgl2; Golim4","Myo1e; Carmil1; Kir3dl1; Sema6d; Echdc2","KLRG1; CD11A; CD49B; NEUROPILIN1.CD304; ITA4.CD49D","CD55.DAF; CD5; FR4; CD73.5NTD; CD62L"
"GP180","","","","Lmo1; Ccl5; Nkg7; Ccl4; Cd8a","Ly6c2; Ifi27l2a; Gzmb; Gzma; H2-D1","CD8A; CD8B; CD38; CD39; ICAM1","CD4; CD73.5NTD; GITR.CD357; ITB7; CD55.DAF"
"GP181","","CD8.K; CD8.P","","Gzmk; Ccl5; Nkg7; Cd8b1; Gzma","CT010467.1; Tpt1; Tmsb10; Tmsb4x; Cmss1","CD8B; ITAX.CD11C; CD8A; KLRG1","CD4; CD62L; CD73.5NTD; GITR.CD357; CD45RB"
"GP182","","","","Ifitm1; Ifitm3; Ifitm2; Lgals3; S100a6","Ifi27l2a","CD44; ICOS.CD278; NEUROPILIN1.CD304; KLRG1; CD8B","CD45RB; CD38; GR1-LY6G-LY6C1-LY6C2; CD86; CD39"
"GP183","","gdT.R","","Gzmf; Gzmb; Prf1; Ly6c2; Mt1","Xcl1; Crip1; Srgn; Ifi27l2a; Inpp4b","THY1.2; ICOS.CD278; CD44; CD27; NEUROPILIN1.CD304","ITB7; ITAX.CD11C; CD4; CD24; GR1-LY6G-LY6C1-LY6C2"
"GP184","","gdT.X","","Tff1; Klra7; Sostdc1; Il22; Il1r2","Gzmf; Gzmg; Ccl3; Gzma; Ifitm1","CD86; ITAM.CD11B; GR1-LY6G-LY6C1-LY6C2; GITR.CD357; CD45RB","THY1.2; ICOS.CD278; KLRG1; CD44; TCRGD"
"GP185","","","","Vwde; Ext1; Malt1; Pdcd1; Arid5b","Hs6st3; Tpt1; Slamf6; Nrgn","ICOS.CD278; SCA1; ICAM1; CD73.5NTD; CD160","ITB7; CD86; ITAM.CD11B; SLAM.CD150; CD62L"
"GP186","","","","Hoxb5; Sostdc1; Xcl1; Maf; Ramp1","Gzmk; Hs6st2; Gzma; Penk; Gpm6b","ITAM.CD11B; CD86; GITR.CD357; GR1-LY6G-LY6C1-LY6C2; TCRVG2","CD27; THY1.2; ICOS.CD278; NEUROPILIN1.CD304; KLRG1"
"GP187","","gdT.X","","Il22; Sostdc1; Tff1; Ly6a; Il1r2","Gzmk; Cxcl3; Stfa3; Lmna; CT010467.1","ITAM.CD11B; CD4; CD86; GR1-LY6G-LY6C1-LY6C2; GITR.CD357","THY1.2; KLRG1; ICOS.CD278; CD44; NEUROPILIN1.CD304"
"GP188","","","","Hs6st2; Cd34; H19; Hmgn2; Tyrobp","Mki67; Cd3g; Top2a; Diaph3; Gata2","ITAM.CD11B; CD86; GR1-LY6G-LY6C1-LY6C2; GITR.CD357; CD45RB","THY1.2; ICOS.CD278; KLRG1; CD44; CD27"
"GP189","","","","Gzmk; Hs6st2; H19; Cpa3; Gata2","Cd34; Olfr91; Ifitm1; Klra7; Lrmda","ITAM.CD11B; CD86; GR1-LY6G-LY6C1-LY6C2; GITR.CD357; CD45RB","THY1.2; ICOS.CD278; KLRG1; CD44; CD27"
"GP190","","","","Dcpp1; Dusp2; S100a6; Egr1; Dcpp2","Eef1b2","ITAX.CD11C; CD29; CD24; CD8B; ITA4.CD49D","CD45RB; CD27; CD4; CD55.DAF; CD44"
"GP191","","","","Prl8a2; Ctla2a; Cryab; Procr; Gpx3","Tmsb10","CD155.PVR; CD31; CD160; CD49B; KLRG1","CD5; ITA4.CD49D; CD2; CD11A; ITAX.CD11C"
"GP192","","","","Gzmc; Gzmb; Xcl1; S100a6; Fcer1g","Ccl5","LY49A; ITAX.CD11C; CD29; ITB7; CD103","CD5; CD4; CD62L; CD8A; ICOS.CD278"
"GP193","","","","Ccn3; Ero1l; Ctla2a; Rarres2; Slpi","Igfbp7","IL2RA.CD25; B220; SCA1; CD73.5NTD; TCRVG3","BTLA.CD272; CD160; CD27; CD69; CD31"
"GP194","","","","Lmcd1; Smim17; Hspa1a; Lgals3; Cryab","Prl8a2; A2m; Erv3; Cd63","",""
"GP195","","","","Mup15; Tex2; AU020206; Ddx42; Dnajb1","Itpkb","CD39; CD44; CD5; CD69; IL7RA.CD127","CD155.PVR; BTLA.CD272; CD8B; CD24; CD8A"
"GP196","","CD4.Y; Treg.E","","Krt14; Gzma; Cmss1; Zg16; Hsp90ab1","Rn7sk; Xist","CD103; GR1-LY6G-LY6C1-LY6C2; TCRVG2; CD80; CD160","CD5; CD2; CD11A; CD45RB; CD8A"
"GP197","","gdT.Z","","Gzmk; Defa24; Cyp2c50; Il22; Defa30","Hspa1a; Gzmc; Cxcl3; Fabp2; Defa41","CD73.5NTD; CD8B; CD38; CD45RB; THY1.2","CD4; TCRVG3; ICOS.CD278; CD49B; CD2"
"GP198","","gdT.X","","Idi2; Cd81; Tnfsf11; Tnfsf9; Ccl1","Ctla4; Rgs16; Tff1; Nrgn; Spp1","CD69; IL2RA.CD25; TCRVG2; ITAX.CD11C; KLRG1","CD73.5NTD; CD2; THY1.2; CD11A; SLAM.CD150"
"GP199","","gdT.X","","Tff1; Sostdc1; Ccl5; Ikzf2; AW112010","Gzma; Gzmb; Il10; Ikzf3; Ramp3","ITAM.CD11B; CD86; GITR.CD357; GR1-LY6G-LY6C1-LY6C2; CD45RB","THY1.2; ICOS.CD278; CD44; KLRG1; TCRGD"
"GP200","","","","Lor; Dlat; Pop4; Slc39a6; Marchf5","Crem; Kcnma1; Slc16a10; Map2; Agap1","CD29; NEUROPILIN1.CD304; CD8A; CD31; CD38","ICOS.CD278; B220; TCRGD; TCRVG3; CD160"
